trade_date,name,open,high,low,close,volume,marketCap
2025-03-03T00:00:00.000Z,2787,686486.6525011480,687807.3971984890,619825.8145359220,626997.0003430240,510392098213.85600,12434355795573.200
2025-03-02T00:00:00.000Z,2787,626670.8927393960,692181.8831922850,619415.8900829210,686486.135555199,425361836849.03200,13615740124973.00
2025-03-01T00:00:00.000Z,2787,614562.3533115710,630211.1458234210,610254.8716879650,626639.2435224650,212618699113.03800,12427332430872.900
2025-02-28T00:00:00.000Z,2787,617064.5822084630,619387.5638403330,569761.6577016540,614556.1326385820,609087291202.7310,12189088688747.300
2025-02-27T00:00:00.000Z,2787,610398.0174449070,632408.6772120150,605806.6434037250,617167.6859401880,382308637583.19700,12194746161688.900
2025-02-26T00:00:00.000Z,2787,642463.5636638040,647709.2573374260,596277.6039048010,612359.3631815710,468209082738.4180,12112616151790.80
2025-02-25T00:00:00.000Z,2787,662682.1401153380,671315.9012329510,623748.9212343640,643168.6587215430,667769749472.2400,12752374416069.500
2025-02-24T00:00:00.000Z,2787,698111.5154437460,699746.5480509780,662271.5138647080,662608.0645590050,319381030317.0770,13144872158472.000
2025-02-23T00:00:00.000Z,2787,700196.5184830020,700967.7605045260,690806.0532961610,698082.1920822730,123247533236.98800,13840560838050.200
2025-02-22T00:00:00.000Z,2787,697173.7036135200,702985.60565807,694394.4831999280,700285.3489783670,133103552442.95700,13887233396840.400
2025-02-21T00:00:00.000Z,2787,713559.901795424,721835.3021559450,687778.8029555530,697006.3199425390,359960774143.0530,13828717711551.70
2025-02-20T00:00:00.000Z,2787,703853.1086624810,716654.7577451360,702469.1250005970,713511.052889723,230663544257.5840,14201933704419.600
2025-02-19T00:00:00.000Z,2787,695438.6210124880,705472.9248068170,691649.1300905710,703874.4795161170,211041958085.05000,13946967274803.800
2025-02-18T00:00:00.000Z,2787,695691.4238063330,704000.3719765450,679833.342891214,695489.6616137280,271130301011.80800,13758497382844.900
2025-02-17T00:00:00.000Z,2787,697682.4991166230,704832.4754496500,691839.5733933500,695594.9829622030,198299338702.58200,13773848836266.5
2025-02-16T00:00:00.000Z,2787,711342.2602520550,712400.0592199300,696826.3471313960,697653.6824200720,120549639487.43900,13900042212144.100
2025-02-15T00:00:00.000Z,2787,710816.6087128200,714218.4265356950,708861.5889586920,711341.2309256460,124271161789.25300,14102268546345.500
2025-02-14T00:00:00.000Z,2787,706225.0488395470,720374.1648477020,699458.4060319480,710820.8888012120,238991223906.38000,14128020336585.700
2025-02-13T00:00:00.000Z,2787,715473.7425218650,716672.0603105340,695278.3282510690,706228.6897761480,271511333169.71900,14000099434437.900
2025-02-12T00:00:00.000Z,2787,699633.4871587430,717390.7633506360,687813.9254780850,715452.6673635600,360540786295.97200,14177750130600.200
2025-02-11T00:00:00.000Z,2787,711805.0361030580,719195.165158323,693318.3214057590,699693.5024656920,273863059557.80700,13865012419082.600
2025-02-10T00:00:00.000Z,2787,703268.7798387420,718383.172562206,694765.0212715520,711810.5870667420,292087462111.53100,14078140544599.200
2025-02-09T00:00:00.000Z,2787,703136.5293619980,709287.190470471,690484.5147714450,703273.3908125390,202111841741.17700,13940303463893.200
2025-02-08T00:00:00.000Z,2787,703515.098379666,706026.0843032330,697460.6238949430,703144.7981949760,163593082862.35800,13937379559436.600
2025-02-07T00:00:00.000Z,2787,703961.9054446820,729993.5045240720,697106.3951399620,703484.6474036610,406287117879.1820,13946428983907.300
2025-02-06T00:00:00.000Z,2787,702475.2872294350,722958.9715075670,697649.1565004400,704049.2474348100,329403334021.83500,13919619438862.300
2025-02-05T00:00:00.000Z,2787,703047.9562653360,721038.675608171,699325.626570438,702529.5434292490,352866507853.84400,13755351272249.700
2025-02-04T00:00:00.000Z,2787,729655.0279502060,732130.909657515,691197.5206753530,703111.1393186670,525316028783.257,13954634487180.900
2025-02-03T00:00:00.000Z,2787,702014.5528820040,737784.2637557520,656720.7195070800,729733.7054653100,829363171935.5220,14442386194733.000
2025-02-02T00:00:00.000Z,2787,723434.329707771,728961.9092088810,691485.7080184300,702071.1564683580,453428269362.00400,13911823118721.700
2025-02-01T00:00:00.000Z,2787,735948.429495719,738484.8517427460,720819.576756974,723393.8627341310,199490798035.7580,14337258832608.800
2025-01-31T00:00:00.000Z,2787,752193.7503945530,761947.7637103140,729765.4233374660,735964.4486504740,328438993801.341,14574750051430.600
2025-01-30T00:00:00.000Z,2787,743585.588255846,763214.1109800880,740816.1951121690,752554.571490158,300531696643.7000,14882225542716.700
2025-01-29T00:00:00.000Z,2787,734673.6536184690,759457.6824149580,734429.2552316380,743552.0242496370,343939279639.9140,14902546913863.300
2025-01-28T00:00:00.000Z,2787,740288.768123276,752146.9969738790,726775.1557439550,734782.051572296,342104791482.7180,14556413367554.900
2025-01-27T00:00:00.000Z,2787,743834.6016676490,747701.594711019,710653.7288736310,740232.7454856430,644779892641.0900,14655359673301.900
2025-01-26T00:00:00.000Z,2787,758552.9879591750,763808.0848725760,742584.3151578600,743850.491357814,163306614090.32200,14739606635098.800
2025-01-25T00:00:00.000Z,2787,759355.7823730980,762396.5435009190,754258.4216128110,758563.3624981320,173054279560.0640,15028316321837.800
2025-01-24T00:00:00.000Z,2787,757629.0249552220,775875.4104341720,745776.1962749360,759322.8275613750,381768743125.0110,15135443089096.800
2025-01-23T00:00:00.000Z,2787,753798.6094262970,778559.9665200970,737926.3664218080,757588.9587719440,757048036192.8390,14979002758475.500
2025-01-22T00:00:00.000Z,2787,777464.9284749960,778621.9856455230,751666.8865148490,753765.1195294760,394665757935.7560,15044767273221.500
2025-01-21T00:00:00.000Z,2787,745086.2580781930,785116.3519953250,730857.7170346510,777537.2984637570,647846398205.731,15353397583422.500
2025-01-20T00:00:00.000Z,2787,740441.5266448730,798099.0021419890,728630.6883778320,746180.4729201690,925002432311.5730,14810912568935.100
2025-01-19T00:00:00.000Z,2787,764812.6757753640,778646.024223939,729357.1280334570,740484.4002884000,562486226446.2760,14669893238685.700
2025-01-18T00:00:00.000Z,2787,762715.292270718,768489.2355202910,748809.993950601,764789.0929948350,369514428190.3080,15152362728356.200
2025-01-17T00:00:00.000Z,2787,733418.9171147540,775633.7532992690,732855.3566025280,765184.4622077340,527111514256.1880,15173056009772.50
2025-01-16T00:00:00.000Z,2787,736814.3954924520,738839.9078145450,713934.5153613800,731447.584580702,396640234788.52300,14485810347571.300
2025-01-15T00:00:00.000Z,2787,707787.625047659,738251.7040120640,707559.7068567220,736808.4918667700,423833032035.59800,14598836186903.800
2025-01-14T00:00:00.000Z,2787,692899.9375528680,713692.3852660200,691447.4180212170,707777.958777353,394174739484.01500,14019965625325.200
2025-01-13T00:00:00.000Z,2787,692858.6996419570,702743.9715566030,654472.9066029390,692881.7460652340,535133100482.7370,13729567141025.100
2025-01-12T00:00:00.000Z,2787,693422.0978064590,699301.5334199760,687165.7343408160,692855.3917725950,153144399825.51600,13725101960372.20
2025-01-11T00:00:00.000Z,2787,694412.8351947070,696442.8903403830,688100.8871455130,693428.461442479,138301278169.6370,13735891548445.100
2025-01-10T00:00:00.000Z,2787,678183.4858956520,702257.1636515150,676442.255014928,694417.3698038140,455023650891.9800,13754273624023.400
2025-01-09T00:00:00.000Z,2787,696820.8339811990,699075.5528255370,668849.4596208530,678106.8316807900,460257771829.5660,13432731268201.30
2025-01-08T00:00:00.000Z,2787,710110.0484756860,712563.0942867820,678371.7345665460,696821.0965695650,467983288424.7510,13792572272291.300
2025-01-07T00:00:00.000Z,2787,748638.5474044720,752112.1765182640,704290.0144183200,710099.3540962370,429681164765.58400,14056166791034.800
2025-01-06T00:00:00.000Z,2787,719724.4739071890,750430.8442053770,716878.1628352870,747491.2803479300,379378621459.5000,14800862052542.000
2025-01-05T00:00:00.000Z,2787,719131.1306280920,723372.7066034430,712234.0919772430,719724.4921031090,150257180469.26300,14254595791499.000
2025-01-04T00:00:00.000Z,2787,718202.0570025670,722795.2549086600,714219.5218807110,719148.138688466,163561296693.7610,14243358060558.200
2025-01-03T00:00:00.000Z,2787,707197.8691797310,724424.0069021300,702051.442604086,718205.2429950690,259948910932.34700,14184748117347.000
2025-01-02T00:00:00.000Z,2787,689040.6175934,713461.5670390400,687473.6407349730,707235.4566067940,335773200116.43100,14002700729332.000
2025-01-01T00:00:00.000Z,2787,681807.0528786890,692788.6603895870,677158.4784896340,689065.9482993320,178943697340.80600,13645979505736.200
2024-12-31T00:00:00.000Z,2787,676212.3549922110,701394.1442325630,670834.5317761820,681836.9791973240,318424017356.787,13504673232462.50
2024-12-30T00:00:00.000Z,2787,682636.3090945920,692726.6353810880,666532.9034364480,676212.0877161510,410105001342.951,13390692576479.00
2024-12-29T00:00:00.000Z,2787,694656.3934900930,694662.4024790080,677877.4317113900,682600.4070392090,216306399384.1600,13518248876909.200
2024-12-28T00:00:00.000Z,2787,687256.3672022900,697224.4281289020,686191.4742867500,694582.5063444690,175955355226.20800,13755933232087.600
2024-12-27T00:00:00.000Z,2787,698483.6160228790,710184.2724766300,681037.7947295400,687290.4827105800,382576408436.32800,13607986203248.000
2024-12-26T00:00:00.000Z,2787,724694.4523094870,728977.5845860370,694430.4523456570,699144.4187842610,343416661409.21500,13844229819126.1
2024-12-25T00:00:00.000Z,2787,719899.9752903570,726015.8060674520,712002.920936438,724705.3685222780,245864599056.13000,14344682278550.200
2024-12-24T00:00:00.000Z,2787,691006.3684442770,725202.3293956080,682002.2953399470,719901.3361682840,343844931913.81000,14259209805245.100
2024-12-23T00:00:00.000Z,2787,693883.2034591960,703761.2287054110,674422.7350267200,691048.5812935210,476009860895.407,13683041551051.700
2024-12-22T00:00:00.000Z,2787,709343.7374173780,710379.4353661360,687336.8317379460,693923.6431449820,314824930857.27300,13738780570478.800
2024-12-21T00:00:00.000Z,2787,713268.28078131,726043.5941587590,703566.4659181420,709390.4932985140,377700585142.5130,14044562661028.200
2024-12-20T00:00:00.000Z,2787,711287.3454491440,715817.9459029200,672546.9866387380,713266.3688221430,770748526178.6950,14121886407363.700
2024-12-19T00:00:00.000Z,2787,729165.063950966,749691.6078373060,697541.5469922570,711332.9674543020,708405643017.3890,14063265993920.900
2024-12-18T00:00:00.000Z,2787,773346.7343439360,775659.6614895280,728952.7009046900,728952.7009046900,683867624369.5650,14447304409843.900
2024-12-17T00:00:00.000Z,2787,772253.3287191890,788800.5980492120,767071.3687128880,773266.1003464320,499556921142.0220,15304723281987.700
2024-12-16T00:00:00.000Z,2787,758850.4916856820,785041.4072844180,751788.3552882550,772246.2639447300,662273662073.332,15273274425006.600
2024-12-15T00:00:00.000Z,2787,737603.9631752070,764336.4195036580,736537.9769246180,758887.7404952660,372142785855.35800,15026196681932.700
2024-12-14T00:00:00.000Z,2787,738170.8222215140,746665.2660593020,732223.4661261840,737599.8384848970,294121563235.25900,14601739348521.900
2024-12-13T00:00:00.000Z,2787,727199.0841013850,741373.5366260460,721951.8677875130,738227.6809490770,413545191357.57200,14598428048365.700
2024-12-12T00:00:00.000Z,2787,734660.3809040820,745325.3402286760,722112.0300267430,727202.547544432,523386853619.7130,14381563225053.600
2024-12-11T00:00:00.000Z,2787,700727.4499129070,740166.1775797310,693621.6500667940,734759.032281864,619062104611.8700,14518848296227.900
2024-12-10T00:00:00.000Z,2787,707491.5710906190,712456.1400200140,683932.8796265890,700858.2229911400,761094024046.4760,13891426218279.30
2024-12-09T00:00:00.000Z,2787,736039.5922488050,736297.2767790010,685061.6565291290,707449.245799388,804668423825.3460,14021173454357.400
2024-12-08T00:00:00.000Z,2787,726462.3116871700,737208.3379104920,718098.5394551660,736016.1863343070,320807454222.36200,14566329229334.700
2024-12-07T00:00:00.000Z,2787,726424.4891666290,731125.9398039740,719984.2540641680,726472.6342230370,321183757473.0040,14377174166238.800
2024-12-06T00:00:00.000Z,2787,704778.2871269400,741809.2490088950,700717.3033290540,726453.5723039050,686341356451.0250,14357996330067.000
2024-12-05T00:00:00.000Z,2787,717258.5420675610,755501.8931713690,667929.5549087600,701288.6534106910,1083926420690.5400,13887152236351.000
2024-12-04T00:00:00.000Z,2787,699257.2339638660,720642.0093288880,687689.769315153,717454.5841620060,562385227697.3380,14235636335514.500
2024-12-03T00:00:00.000Z,2787,697006.7052434590,702555.4824848760,682110.0697381590,699346.95057065,487683587404.5780,13812450290649.200
2024-12-02T00:00:00.000Z,2787,704443.6824647070,710772.0402057560,687088.830519769,697103.7138801300,526332435702.3280,13737461739782.500
2024-12-01T00:00:00.000Z,2787,698544.0627063050,708876.45124832,693538.9448405740,704471.0764058410,264978838126.78800,13938715224147.700
2024-11-30T00:00:00.000Z,2787,705839.8990851160,706060.9878705200,696247.596730765,698455.1274793770,229085587940.54900,13821892181457.800
2024-11-29T00:00:00.000Z,2787,692898.1017973240,714805.0090850000,691010.6986271930,705787.1162723350,398182142122.24300,13971991105412.300
2024-11-28T00:00:00.000Z,2787,695423.8675354080,700414.3616885310,686571.7701496730,692925.5881027410,378749183867.9400,13718375308484.600
2024-11-27T00:00:00.000Z,2787,666450.5976293050,705595.957724451,665005.2344764150,695450.0397076230,515415213004.23200,13758046643102.400
2024-11-26T00:00:00.000Z,2787,674487.1589990850,688286.4723405280,657702.6330808060,666502.6094239440,664120228742.4090,13187653115674.800
2024-11-25T00:00:00.000Z,2787,710056.225478388,716853.5599633050,671267.4003560970,674595.9555438340,586027236815.0670,13343469556764.20
2024-11-24T00:00:00.000Z,2787,708206.7591686540,714501.5072170510,693793.0416789150,710111.9584750700,374550165371.5910,14036353033632.700
2024-11-23T00:00:00.000Z,2787,717105.8342959910,717163.31176527,704257.8448327170,708200.8373238040,321695271393.2640,14012506390097.000
2024-11-22T00:00:00.000Z,2787,712862.0449176810,721914.4153637200,704543.5012508320,717040.0664485950,567947867704.6740,14177816085960.800
2024-11-21T00:00:00.000Z,2787,683445.0571060330,716496.5633681260,681642.403379984,712662.0031668150,768136940490.0240,14118842032245.000
2024-11-20T00:00:00.000Z,2787,668481.4401839360,687593.6314162860,663358.7242167390,683508.5093696820,519274739761.3610,13511441421400.80
2024-11-19T00:00:00.000Z,2787,655178.6902923700,680505.577283626,654383.922407231,668476.7106854130,539279018090.2410,13220954662256.500
2024-11-18T00:00:00.000Z,2787,649794.6722013680,670289.6356300000,647352.625500413,655220.897543405,546312493296.8990,12955256037043.800
2024-11-17T00:00:00.000Z,2787,654964.0844554200,661289.4654368480,641777.9524649550,649810.1188678350,335227527176.87700,12855958995737.100
2024-11-16T00:00:00.000Z,2787,658623.0287267130,663682.7530738170,651606.4849817100,654964.1721430530,320639817024.35500,12957282855742.200
2024-11-15T00:00:00.000Z,2787,631090.8290542250,664275.8678263560,630209.2578820600,658634.8953040180,565721154749.961,13024924119515.300
2024-11-14T00:00:00.000Z,2787,654349.1779208540,664215.0253162940,626742.7632431270,630846.7932447070,632978125392.7850,12480600807414.500
2024-11-13T00:00:00.000Z,2787,635962.277684178,675156.6516893170,623128.7022288770,654407.1952985040,893653024963.1710,12958921026650.000
2024-11-12T00:00:00.000Z,2787,639859.8483109250,650990.9705855110,615492.6304488070,636149.1901159990,964225509391.8490,12546681480782.900
2024-11-11T00:00:00.000Z,2787,577717.1507318340,646362.0451369660,576366.2799974000,639830.4439977820,846902855215.9690,12597146800567.100
2024-11-10T00:00:00.000Z,2787,551186.9840602280,584917.9249988980,549678.5345767670,577737.0543078450,592790811995.2090,11427495984380.600
2024-11-09T00:00:00.000Z,2787,549612.2073700040,552315.6992340870,543995.1825196170,551210.8473624120,208264861408.77100,10902984735901.100
2024-11-08T00:00:00.000Z,2787,542128.3913229640,554612.9260355980,540729.6372135280,549535.2859163840,394095190597.9040,10815417446954.60
2024-11-07T00:00:00.000Z,2787,542922.9959398980,549589.3034088820,534389.5605121390,542142.8610782400,455570827513.9230,10776316965220.500
2024-11-06T00:00:00.000Z,2787,492819.9000359090,548647.476539147,492560.7654358780,542929.7375920920,842648243468.6940,10629706063449.600
2024-11-05T00:00:00.000Z,2787,481391.5265870730,501071.4526448090,479025.433576465,492806.6535673160,326886866460.12300,9738323423816.660
2024-11-04T00:00:00.000Z,2787,489629.6025983370,493718.4875543970,474245.7916851580,481373.5599452000,293347112772.3420,9552656524013.300
2024-11-03T00:00:00.000Z,2787,493570.4108335720,494035.3452975050,480651.0356754160,489540.3750337480,248353008104.79100,9683429295523.050
2024-11-02T00:00:00.000Z,2787,494921.1538630840,497637.2003136220,491619.9618278970,493519.8019785790,129521718081.63900,9761295619436.960
2024-11-01T00:00:00.000Z,2787,499944.3064113140,509671.9396173150,489745.8562812870,494895.8397592970,355927342999.43400,9784216504319.67
2024-10-31T00:00:00.000Z,2787,514721.7066831880,517239.3860716460,495366.0765854110,499932.1217039870,289100096752.0300,9881053953066.640
2024-10-30T00:00:00.000Z,2787,518540.5499442720,518754.006354678,508841.4629435180,514753.7142504440,289855239039.29100,10200761563178.100
2024-10-29T00:00:00.000Z,2787,498353.7583911620,524708.512956569,497083.6652360110,518555.2955837020,417315751673.59900,10250372723599.700
2024-10-28T00:00:00.000Z,2787,483684.1557631780,500318.5867300180,481815.8851849290,498337.4291928540,276297659241.72600,9843910469538.520
2024-10-27T00:00:00.000Z,2787,477280.8992879450,485810.8044012570,476025.7604142570,483731.3296534980,119074105530.73600,9565280577195.800
2024-10-26T00:00:00.000Z,2787,474469.8990782570,479377.6270064070,472560.4366463800,477218.3639930590,139488805780.96900,9437494293553.380
2024-10-25T00:00:00.000Z,2787,485282.3850538570,489521.6864987100,466587.2433416890,474567.2710524330,295233112268.84900,9378732622838.830
2024-10-24T00:00:00.000Z,2787,474994.2919353120,489738.5310062690,473571.8496712700,485252.1709211670,223868642868.5370,9604811926343.23
2024-10-23T00:00:00.000Z,2787,479801.9842918180,480089.5291301540,464549.4959043610,473415.7743688410,229806652861.94500,9355632801435.150
2024-10-22T00:00:00.000Z,2787,479534.1066328730,482930.2924819690,473972.7842310740,479795.0627586150,226441335348.808,9481253142387.920
2024-10-21T00:00:00.000Z,2787,490010.9673779190,493310.4640799960,475434.2605547960,479598.4791324150,266292730567.62200,9457634085469.710
2024-10-20T00:00:00.000Z,2787,485477.2518234820,492573.7963439690,483673.2058860490,490036.3200830360,134753938563.67600,9687737532139.7
2024-10-19T00:00:00.000Z,2787,485897.8884581180,487666.4436648940,483097.3758162780,485498.4579995160,102574833440.4770,9598333159059.480
2024-10-18T00:00:00.000Z,2787,480293.730558725,489802.4517304580,478588.2124130220,485896.5560675100,262570443562.3060,9636004259186.750
2024-10-17T00:00:00.000Z,2787,481393.0363001810,483494.1710708390,474656.0554675840,480156.4138001510,233451522857.50500,9488857278858.69
2024-10-16T00:00:00.000Z,2787,477275.2857095190,486360.2962741210,475368.8567338280,481362.0043040760,271911554291.26400,9515945177651.8
2024-10-15T00:00:00.000Z,2787,468165.013537167,483059.6082738520,461396.1158258330,477272.3460207200,346347116787.6470,9393778276021.950
2024-10-14T00:00:00.000Z,2787,444099.360462744,471241.2167048450,441228.7485936750,468115.141912918,308842107013.81300,9226083465823.37
2024-10-13T00:00:00.000Z,2787,446593.515756778,447097.220367227,438356.2159806730,444120.3854382090,128463186436.00600,8779804670149.840
2024-10-12T00:00:00.000Z,2787,441246.1555153230,448341.7921587530,441236.6440345450,446534.5396192500,118317236341.66000,8826558997565.500
2024-10-11T00:00:00.000Z,2787,426810.5381702120,448041.2672676120,425384.7692060480,441249.4851154560,214746489628.39100,8740102903664.150
2024-10-10T00:00:00.000Z,2787,428998.818691699,433635.6077887420,416966.2922377980,426803.7207896740,215645508734.3810,8436665067725.460
2024-10-09T00:00:00.000Z,2787,438575.4282180650,441156.1082130950,426935.9339831790,429000.03159561,195323930307.19600,8452416394833.370
2024-10-08T00:00:00.000Z,2787,436808.3932731570,445656.8256581200,436597.0063784800,438577.1346907520,197509642496.53500,8621072211642.610
2024-10-07T00:00:00.000Z,2787,440895.9188536890,452369.0415282440,436310.9129883440,436920.0197639870,240408629181.6510,8631226331452.740
2024-10-06T00:00:00.000Z,2787,437674.3208349330,441878.5838240200,435898.9745420790,440894.8319907660,104166536858.25200,8752497073078.680
2024-10-05T00:00:00.000Z,2787,437551.8269600540,439690.7685266290,434886.8713800910,437709.3006575970,93797823614.17940,8650013204464.180
2024-10-04T00:00:00.000Z,2787,428083.1640985760,440360.248450748,426055.1498989610,437550.8890135710,208462197874.34900,8643084180676.560
2024-10-03T00:00:00.000Z,2787,426773.880862593,433147.7171666170,421888.0852963400,428116.8176893190,254142450460.37200,8451144543453.580
2024-10-02T00:00:00.000Z,2787,427764.5330040020,438910.8138033780,422264.5150877500,426775.9927453520,286619006266.703,8425196803311.93
2024-10-01T00:00:00.000Z,2787,444520.9337523280,450514.2816053930,423190.8185178170,427769.350009766,352475551581.7990,8437797366519.66
2024-09-30T00:00:00.000Z,2787,460184.2925685040,460187.0462369150,441278.4729725920,444390.3497347990,260210078743.13400,8774374647033.13
2024-09-29T00:00:00.000Z,2787,461993.1669747480,463258.43203863,458915.8657382500,460188.8360050890,103690524132.30300,9094067818152.480
2024-09-28T00:00:00.000Z,2787,461315.0421620560,464563.9128441460,458972.1005144370,461984.4269656520,106883816451.71200,9129074144102.31
2024-09-27T00:00:00.000Z,2787,456903.4264988980,466101.0974410410,454878.8794992630,461304.382289446,224725870517.60600,9113016897965.320
2024-09-26T00:00:00.000Z,2787,444072.3530508160,461252.6878175320,440709.0965170670,456925.4731897400,259339784155.21700,9058395229910.810
2024-09-25T00:00:00.000Z,2787,452117.9491216610,455050.7405834250,442713.716860623,444104.6885780190,176328581444.0150,8771658807184.400
2024-09-24T00:00:00.000Z,2787,446599.8825554490,454897.9380338840,442756.7793537090,452113.5620435860,211134121634.41800,8960115742651.330
2024-09-23T00:00:00.000Z,2787,448804.7915604960,456183.8542446160,441646.9479314970,446627.0983513740,221431672789.96300,8823442323566.290
2024-09-22T00:00:00.000Z,2787,447067.9189719160,451275.2203828340,440325.7575698350,448844.3372750570,142330957417.73700,8867302408102.110
2024-09-21T00:00:00.000Z,2787,445569.6561849970,448101.4212530650,442740.1808258360,447054.0633286200,101608120722.02700,8832797323742.330
2024-09-20T00:00:00.000Z,2787,444870.0102430060,451760.5631017310,439788.968811523,445630.5409869230,248632196722.08400,8823111571349.070
2024-09-19T00:00:00.000Z,2787,436613.4821049280,451450.411023387,436321.0782459400,444863.1484200640,302474008718.44400,8806395576781.500
2024-09-18T00:00:00.000Z,2787,427801.9048323180,436704.924858406,419383.6637949540,436603.024742144,290767550954.46300,8639713861767.600
2024-09-17T00:00:00.000Z,2787,412788.5650306290,434939.5626229480,408796.2526878630,427798.6114284580,270089056629.61400,8451441814320.600
2024-09-16T00:00:00.000Z,2787,419842.243773673,419986.1288253160,407885.7494220140,412788.5474925630,227231230225.7610,8154882055991.890
2024-09-15T00:00:00.000Z,2787,425615.166320236,428319.1258794800,416385.7493803570,419825.2790079760,128541035909.84800,8293598545970.710
2024-09-14T00:00:00.000Z,2787,429647.0260080410,430268.4513216810,422190.0954938640,425646.3127313520,116534894387.93000,8407679031835.110
2024-09-13T00:00:00.000Z,2787,413748.3832933630,430206.7601571020,410341.9648495170,429662.5105814780,231254584623.10000,8515967901332.0200
2024-09-12T00:00:00.000Z,2787,408323.5290515740,416600.735458046,408230.4484423890,413730.6250341200,240933925590.4520,8176472120519.690
2024-09-11T00:00:00.000Z,2787,410573.8287031740,412880.8046541760,395583.9026096200,408317.7801216170,263856014534.1070,8066812041006.640
2024-09-10T00:00:00.000Z,2787,405675.1921803100,413254.6813130470,401593.3806852350,410579.8946515350,205310498004.24200,8101668025505.480
2024-09-09T00:00:00.000Z,2787,388839.5442495320,412921.9745641500,388123.885845315,405688.2878466420,245404221963.12200,7983993122266.920
2024-09-08T00:00:00.000Z,2787,383849.2791629560,391952.2727059840,380346.1337425630,388694.6283135600,129502063478.64900,7680226083732.22
2024-09-07T00:00:00.000Z,2787,382439.6839241570,388742.1308520860,380957.9718483580,383790.8445366490,135124971835.15600,7581459700098.800
2024-09-06T00:00:00.000Z,2787,398304.9117424500,403727.0101056500,372866.9220366800,382437.3097728370,350087939279.14100,7557052465364.800
2024-09-05T00:00:00.000Z,2787,412335.3342135430,414692.0328135870,395129.4381322710,398307.0238257140,220709077223.8540,7889216054946.140
2024-09-04T00:00:00.000Z,2787,408984.4843305370,416163.5367988620,396470.8618014410,412334.1783668410,253718962573.36900,8153448014383.010
2024-09-03T00:00:00.000Z,2787,420694.2271051230,425847.3164227130,408947.5864938210,408989.2871114090,189804761988.4780,8072810083764.800
2024-09-02T00:00:00.000Z,2787,406625.9116689950,422807.2895619720,405271.5489771090,420738.984128611,191772275587.09600,8279593208052.650
2024-09-01T00:00:00.000Z,2787,418278.6845043790,418933.1744742400,405851.7464417680,406615.4167282050,174436707072.5890,8030148533613.640
2024-08-31T00:00:00.000Z,2787,419326.193882728,421561.3179439020,416852.861532965,418279.3861001870,87979058449.31800,8260077113396.640
2024-08-30T00:00:00.000Z,2787,421451.2132449470,425046.2832189650,409590.4318151540,419340.3465408340,229165545826.5920,8284815248380.450
2024-08-29T00:00:00.000Z,2787,420588.4201917210,434321.3146547330,417299.9108962880,421448.2254191420,229612725394.14600,8356131166847.060
2024-08-28T00:00:00.000Z,2787,423940.4059188200,429148.5501792050,412511.5964226950,420589.54772058,287026887866.8130,8303741284844.540
2024-08-27T00:00:00.000Z,2787,447640.6441149640,450215.0760935940,414046.9831483920,423913.3916449330,278380537365.5680,8365115893500.860
2024-08-26T00:00:00.000Z,2787,458438.3562751310,459489.157959789,447426.0163843680,447647.4089597460,197234539499.29800,8846354462728.87
2024-08-25T00:00:00.000Z,2787,457134.6802546450,462976.0000412960,454692.5384422690,458376.5023072000,134111472731.4720,9048281857456.56
2024-08-24T00:00:00.000Z,2787,456618.2734745280,459538.1810891790,453171.0323096730,457153.3682994460,152652201176.05700,9025992606840.090
2024-08-23T00:00:00.000Z,2787,431452.0986630370,462624.4156304810,431388.4829708630,456550.5158185120,303901753726.119,9043927938348.110
2024-08-22T00:00:00.000Z,2787,436325.8299987610,438036.3129384270,426805.7704019880,431458.9554877750,197059888455.5260,8503787960712.960
2024-08-21T00:00:00.000Z,2787,421154.5576961210,441089.1578339280,419787.6230079980,436374.8796451590,233582607919.56400,8618291473419.450
2024-08-20T00:00:00.000Z,2787,424569.0706210310,438148.7558528500,418270.7080691350,421138.8827818270,225605867816.521,8314754197809.850
2024-08-19T00:00:00.000Z,2787,419014.3066943000,425419.7957778400,412945.7129449710,424569.0742938890,185653803257.19600,8415557547712.780
2024-08-18T00:00:00.000Z,2787,426089.1621584780,431782.3673169230,418761.3033228820,419037.6090953230,127111584123.60900,8272128065970.560
2024-08-17T00:00:00.000Z,2787,421972.1484925860,427712.3028693100,421408.2664531510,426166.8275531520,97370086013.18720,8411591046676.340
2024-08-16T00:00:00.000Z,2787,412494.1865596550,428752.459930957,409267.531443113,421976.2563079550,210337631813.32400,8331627711602.020
2024-08-15T00:00:00.000Z,2787,419255.6511845470,428821.7079863290,402470.822982322,412492.9276589900,254709623231.52300,8111016930262.940
2024-08-14T00:00:00.000Z,2787,433605.3909415880,441308.0418849810,417402.7646902620,419284.2589167290,214342978300.53100,8294183866538.970
2024-08-13T00:00:00.000Z,2787,425880.7908530630,440482.7706998250,419355.2723048870,433594.7812506830,217601234348.8730,8584427898076.110
2024-08-12T00:00:00.000Z,2787,420859.5213549260,435484.5301438310,414258.2056874970,425868.6359501870,265753720848.63900,8397484457737.550
2024-08-11T00:00:00.000Z,2787,436773.7614834340,442749.1252980360,418168.5122460140,420860.1517195030,163112334811.59,8306507153657.060
2024-08-10T00:00:00.000Z,2787,436317.5073010410,440497.7156627770,432062.9030656710,436780.3590025250,112845584521.96400,8621112571830.730
2024-08-09T00:00:00.000Z,2787,442893.7266093790,443063.4521760490,426964.8917568350,436309.5001267820,239825001046.75800,8621791710194.45
2024-08-08T00:00:00.000Z,2787,395187.1474421940,449665.4544025880,393296.3068251320,442751.7239836490,325301921042.7410,8749352592324.460
2024-08-07T00:00:00.000Z,2787,399583.7171966540,414554.0508971080,392246.2650241830,395168.7034659290,296886227767.25000,7744347000496.890
2024-08-06T00:00:00.000Z,2787,384466.9870421800,406851.484717142,384338.2745469830,399538.68587627,351063817272.47000,7876073631610.270
2024-08-05T00:00:00.000Z,2787,415965.1384061400,417099.9203581710,350568.4469164260,384478.5701146810,780179988830.3990,7627640445288.730
2024-08-04T00:00:00.000Z,2787,434392.2934326570,437162.1548175060,409583.5831904760,416012.9444825210,227368440155.4110,8210491724436.400
2024-08-03T00:00:00.000Z,2787,439680.8969692640,444932.6231176920,428381.6667590220,434420.9339675050,227326296595.20400,8572829649159.580
2024-08-02T00:00:00.000Z,2787,473407.6722446240,474643.6792242110,438034.8873812610,439682.7302887700,311924371594.4920,8779544740354.510
2024-08-01T00:00:00.000Z,2787,466508.0918342070,475164.0244469280,450949.9959775410,473436.6698187870,295786137666.84600,9309915622721.390
2024-07-31T00:00:00.000Z,2787,480071.7574724950,482356.3735972800,465869.7486324010,466460.5155178400,226925896190.4460,9248260553595.910
2024-07-30T00:00:00.000Z,2787,485059.5489571890,485707.5156039130,473664.9973558810,480063.2892673750,227800406369.39900,9483436549604.640
2024-07-29T00:00:00.000Z,2787,494953.2332240910,508053.5663963910,483026.6259793980,485065.8175716570,295704807804.17700,9560869502105.280
2024-07-28T00:00:00.000Z,2787,491639.8764787140,495215.7630385630,486399.0886846120,494930.1082777380,130820177614.76300,9765263580851.240
2024-07-27T00:00:00.000Z,2787,492387.8181290230,503166.9663909910,483639.5240173390,491673.8361041600,251530191580.42500,9701057708273.110
2024-07-26T00:00:00.000Z,2787,475602.5383035090,494532.3832337880,475399.771160875,492389.6222728250,220466335699.20100,9689720115537.490
2024-07-25T00:00:00.000Z,2787,474785.7435946040,478085.3542434100,459129.0216571700,475635.1063102950,278264387549.307,9424752164123.28
2024-07-24T00:00:00.000Z,2787,479644.9458542440,487945.5115511870,473123.5363104750,474752.0431829180,199859346579.28000,9384418832022.760
2024-07-23T00:00:00.000Z,2787,491591.5914335150,493004.239983543,476399.4616394910,479643.5947309030,258984952174.78800,9461356729632.120
2024-07-22T00:00:00.000Z,2787,495472.1364864900,497850.0564912020,484530.5952426410,491594.8327219850,310059025724.4030,9693937901504.440
2024-07-21T00:00:00.000Z,2787,488288.9096716380,497071.0205538410,478673.5122727110,495483.38152565,193761421325.9560,9775178699240.450
2024-07-20T00:00:00.000Z,2787,484981.1592212670,491530.0388946820,481998.2255733200,488279.6985953970,138345055686.1930,9633197012100.97
2024-07-19T00:00:00.000Z,2787,464432.6858918180,490301.2348379200,459707.6937630130,484982.8218558470,268644289889.4570,9554397765969.58
2024-07-18T00:00:00.000Z,2787,465426.0374456600,472568.6953759330,459217.7507564470,464445.3267199490,197768252468.3170,9162967381999.190
2024-07-17T00:00:00.000Z,2787,464827.2722741230,471650.4070827750,463975.0475423720,465515.2585385590,232264786737.13300,9032611780524.190
2024-07-16T00:00:00.000Z,2787,470328.4023570470,470328.4023570470,453656.3924213640,464656.9243638780,302137775799.8360,9322760876326.520
2024-07-15T00:00:00.000Z,2787,440936.3959423130,470950.8224225620,440135.0186620040,470950.8224225620,276200552030.9400,9277890001263.760
2024-07-14T00:00:00.000Z,2787,429406.7554908540,444663.6181054250,429406.7554908540,440735.8098004330,161128655807.3660,8691453408402.790
2024-07-13T00:00:00.000Z,2787,419861.5179399600,433480.2319227920,419047.3263720620,429455.3537753830,123837280120.10500,8468960069003.370
2024-07-12T00:00:00.000Z,2787,416056.242203896,424390.2759437720,410550.3978804470,419794.2847852560,185783345719.41200,8284571910290.740
2024-07-11T00:00:00.000Z,2787,420013.8205447380,431427.1042061450,415327.9769041010,416094.7016805890,208863626854.29500,8227432255266.070
2024-07-10T00:00:00.000Z,2787,422063.0316987150,431875.4863096720,416030.1295312680,420105.519612764,190364817225.48200,8281227865829.370
2024-07-09T00:00:00.000Z,2787,412134.6809879390,423550.384088449,409316.6803073550,421883.7002300520,202413042580.9730,8314179031384.480
2024-07-08T00:00:00.000Z,2787,405956.0308407140,422620.6353156050,394845.3641110320,412138.3258777920,289049877101.7960,8127955675885.260
2024-07-07T00:00:00.000Z,2787,423330.7722270470,424287.9998682070,405547.1800165720,405952.6644633,149398259571.4740,8005304043982.280
2024-07-06T00:00:00.000Z,2787,411843.4860610830,425025.2622755540,407336.004371861,423796.7612369760,149812298209.3010,8357097103530.840
2024-07-05T00:00:00.000Z,2787,414373.3500324530,417849.0485559520,390433.9998627450,411867.4588575450,402708208981.55600,8119599647242.3500
2024-07-04T00:00:00.000Z,2787,437245.6318023170,439087.5156991020,412803.0308655490,414045.5609629320,299141199256.6570,8167896730148.280
2024-07-03T00:00:00.000Z,2787,451020.5972580700,452154.3643715150,431984.89554324,437440.3548680490,216346099597.2980,8627119643207.58
2024-07-02T00:00:00.000Z,2787,456753.1831751100,459564.2672185830,449022.7466189070,450994.372521811,146461952295.96200,8890013315677.360
2024-07-01T00:00:00.000Z,2787,455436.562541732,463545.6452191810,454236.1160882620,456808.191133683,185073619578.4160,9006373299124.380
2024-06-30T00:00:00.000Z,2787,442494.6004295320,457061.0431031480,440637.8407229580,455470.612883008,125965756281.54500,8981981499297.190
2024-06-29T00:00:00.000Z,2787,438362.6145219960,444014.7470842900,438225.2036855610,442486.8627403250,91952444848.8066,8725193574959.050
2024-06-28T00:00:00.000Z,2787,447814.1950090120,451526.2572457580,435955.9225419130,438364.520911578,181362427037.08100,8644843351268.330
2024-06-27T00:00:00.000Z,2787,441763.1587004660,452726.8714930890,440376.5940347220,447756.0201816290,154238011877.14500,8824318004005.370
2024-06-26T00:00:00.000Z,2787,448741.3389679780,453621.4622299680,440950.5323222030,441763.5323013710,163447596654.683,8707899246270.21
2024-06-25T00:00:00.000Z,2787,437454.8688936950,452175.5262499200,437262.2613565810,448850.0260190030,211962862445.80600,8845357671600.790
2024-06-24T00:00:00.000Z,2787,458657.4927010830,459579.6981895200,425389.7408248120,437535.669766242,313297435943.1580,8628480352739.630
2024-06-23T00:00:00.000Z,2787,466530.9962964640,468293.6045619060,458711.5492179240,458711.5492179240,81112146898.47900,9045087883315.89
2024-06-22T00:00:00.000Z,2787,465550.0072125480,470244.4046433970,464432.9797321930,466557.2500537470,71583338892.78110,9198356742465.42
2024-06-21T00:00:00.000Z,2787,470730.2736978880,471987.2904336140,455904.564077921,465421.7239009460,190128745643.69400,9174311987814.130
2024-06-20T00:00:00.000Z,2787,471436.3510872670,482373.4533415400,468649.6600124580,470662.5240575820,186085221245.8250,9275421015858.310
2024-06-19T00:00:00.000Z,2787,472554.3212563750,476678.9203807070,469511.6414438000,471436.3510872670,153077903073.87100,9289541830147.280
2024-06-18T00:00:00.000Z,2787,482458.5291700630,482935.4110202790,464780.136571656,472511.4190285790,286476210850.8760,9318120310519.760
2024-06-17T00:00:00.000Z,2787,473805.6161521370,487525.1504220600,472342.0786906260,482453.5745357370,213354182229.06500,9319977704393.990
2024-06-16T00:00:00.000Z,2787,480190.5528971880,480190.5528971880,473823.6125827770,473823.6125827770,96352018395.24870,9530431862070.440
2024-06-15T00:00:00.000Z,2787,478898.7025112330,481734.5887915880,477886.5609139990,480202.4702124940,102454018132.17600,9466631583223.360
2024-06-14T00:00:00.000Z,2787,484093.4226340610,488263.070163414,472033.2986434550,478930.2883198770,198749414748.61500,9437239568616.390
2024-06-13T00:00:00.000Z,2787,494011.8330067390,494886.2343312180,480834.079307827,484157.445560902,209606722811.65900,9525763590640.090
2024-06-12T00:00:00.000Z,2787,478601.1127700810,506814.8723262510,475763.4287065190,493991.1074030350,245252759980.50600,9562827492351.530
2024-06-11T00:00:00.000Z,2787,493959.1685734210,494252.9299680680,470403.2844155500,478676.870975926,263765822938.59400,9431619284315.550
2024-06-10T00:00:00.000Z,2787,494962.1306144970,498724.5165865080,492100.6184503990,493989.0197956260,146387850634.82900,9737513930387.01
2024-06-09T00:00:00.000Z,2787,502129.6474428150,502129.6474428150,494988.2862714240,494988.2862714240,98067570512.30530,9947117816812.110
2024-06-08T00:00:00.000Z,2787,502364.5777643590,503838.4147325550,501501.0333268310,502189.6407137780,103352356062.42300,9898837306043.900
2024-06-07T00:00:00.000Z,2787,508928.3584846630,517190.0130246650,496458.4185892130,502497.9890419220,260281312196.08800,9829756940117.460
2024-06-06T00:00:00.000Z,2787,505079.1226850410,518928.4663668900,505079.1226850410,510739.3745519360,179223106586.73300,9908989807775.500
2024-06-05T00:00:00.000Z,2787,500809.4683531150,519905.9778474960,500809.4683531150,505078.9967233400,232851482537.73300,9941913027871.740
2024-06-04T00:00:00.000Z,2787,491140.7617530080,514383.2195392720,491140.7617530080,500805.3423608500,236629163875.80400,9927406088115.500
2024-06-03T00:00:00.000Z,2787,485079.203689741,508878.4817132140,479783.9285675580,491142.2812040860,231974701782.41900,9707873877693.050
2024-06-02T00:00:00.000Z,2787,481142.41393306,486108.6914716970,478337.398435277,485062.7882752500,121586130220.99100,9487996034320.960
2024-06-01T00:00:00.000Z,2787,479546.2025200690,482062.6102698120,478912.0217265090,481118.7258566160,82735818218.39200,9483101553838.85
2024-05-31T00:00:00.000Z,2787,485544.7694844670,488730.8205381860,473517.0607625540,479646.9836592100,194518182972.73800,9446052462396.780
2024-05-30T00:00:00.000Z,2787,480655.1979814230,493606.7543860190,476746.4157561230,485562.3382606350,209896683310.33500,9581879391942.870
2024-05-29T00:00:00.000Z,2787,485573.3759656930,489895.6042839690,477360.0306490800,480669.4593229720,189881946944.52300,9467410084472.570
2024-05-28T00:00:00.000Z,2787,502607.6811836940,503480.6298772340,477991.7904720680,485572.4790933320,237007372385.72500,9747321924245.390
2024-05-27T00:00:00.000Z,2787,487196.965086097,511446.3381198360,487196.965086097,502624.7500869150,183971202085.5200,9723538769300.560
2024-05-26T00:00:00.000Z,2787,492503.7003027250,494224.0380491540,484862.4801461810,487238.9895506370,111125978086.29700,9598952148254.990
2024-05-25T00:00:00.000Z,2787,487301.7966076050,494743.7643187200,487222.8392768410,492515.485839678,110030560457.77700,9704863538040.27
2024-05-24T00:00:00.000Z,2787,483023.348839162,492190.9000882650,473647.2007062460,487295.9338777940,207616218811.6460,9600918810337.260
2024-05-23T00:00:00.000Z,2787,490305.0502681290,497082.9029577690,471771.3974954330,483074.2945955870,297182823458.9240,9493388139423.500
2024-05-22T00:00:00.000Z,2787,497617.0991858200,501117.4850893980,489438.1071823320,491473.6547982260,232737455638.70600,9662308150365.570
2024-05-21T00:00:00.000Z,2787,516740.5335604510,520374.3753332310,490655.0143027200,497520.4994432950,339454506127.1720,9994239728420.170
2024-05-20T00:00:00.000Z,2787,470002.4620866190,517047.7827965570,468636.8865233520,516770.5061801890,310958154886.3970,9981063062662.790
2024-05-19T00:00:00.000Z,2787,483506.0565110620,488969.4589462040,467580.3089755090,469999.8057628570,139040059664.85500,9431565045802.100
2024-05-18T00:00:00.000Z,2787,484459.4820887150,486752.16470071,481523.768067567,483526.8184141150,120722807069.11500,9526067711157.310
2024-05-17T00:00:00.000Z,2787,470839.5138745620,487232.6921981490,470018.1916395170,484355.9236195390,202329774057.55200,9536328643179.890
2024-05-16T00:00:00.000Z,2787,478282.9943737940,481570.3427160070,466435.1902916790,470841.5467014500,227916578113.84800,9276086211711.88
2024-05-15T00:00:00.000Z,2787,445213.8531620070,479728.0288535550,443559.9154176200,478338.6336596830,287979121925.92100,9440141593643.450
2024-05-14T00:00:00.000Z,2787,454980.168626761,456357.9597151550,442108.2033364490,445223.641606931,203879757837.47600,8770469987825.160
2024-05-13T00:00:00.000Z,2787,435738.3002318670,458723.4179980070,435738.3002318670,454985.0398778560,197756605907.31100,8785624817960.73
2024-05-12T00:00:00.000Z,2787,439336.4010863520,446741.2598911400,435718.276938772,435718.276938772,99731779979.94470,8747456001042.470
2024-05-11T00:00:00.000Z,2787,439341.4324175710,444095.1977837840,437168.1050549900,439337.9011619560,100035338281.96300,8653753440337.840
2024-05-10T00:00:00.000Z,2787,455258.4789869070,458085.4809573450,435098.7598526040,439337.2393100870,200751772892.27400,8645380328777.160
2024-05-09T00:00:00.000Z,2787,442094.1855959370,457745.4455206780,438261.1874373880,455189.1808575490,183895277544.51200,8972784679858.480
2024-05-08T00:00:00.000Z,2787,442349.8308233190,455042.9656094970,439825.0709367340,442070.639031936,185137322990.7210,8552837805425.87
2024-05-07T00:00:00.000Z,2787,446964.9789157370,456634.5825502260,442056.0514435900,442402.6727662720,183496224717.916,8687410801480.950
2024-05-06T00:00:00.000Z,2787,452898.1649579750,463730.102172281,444055.1295428220,446959.2248031070,202960361127.2540,8797834247934.88
2024-05-05T00:00:00.000Z,2787,462408.8644806660,467601.9346620700,452847.3805620350,452847.3805620350,132414833546.55500,9127711065961.640
2024-05-04T00:00:00.000Z,2787,455161.2553839070,466769.3626147430,453050.2985296210,462401.7569528480,149236585370.34300,9106729192421.9
2024-05-03T00:00:00.000Z,2787,428009.9847851660,458269.4791807800,426044.1248147000,455152.6154679680,240145543655.1450,8966390152133.420
2024-05-02T00:00:00.000Z,2787,421809.2503635230,431496.7968023460,412276.6016565010,428041.8247794680,236862970800.01000,8430803016524.650
2024-05-01T00:00:00.000Z,2787,438915.8012733060,440154.1445136190,409516.884249539,421811.4599456170,350786356788.9440,8307563513063.220
2024-04-30T00:00:00.000Z,2787,462114.408583417,468368.0119776300,428088.412725199,439113.9257438430,273918488922.12400,8639713917212.850
2024-04-29T00:00:00.000Z,2787,457243.4724523830,464561.9398244770,447553.5987760390,462126.7165325220,192993164517.8010,9108597798278.560
2024-04-28T00:00:00.000Z,2787,459541.4125063220,466047.7358333830,450341.0594422130,457293.2314791880,125601229703.33100,9003825384074.210
2024-04-27T00:00:00.000Z,2787,461914.1742027110,462981.9687502290,452304.5561711860,459509.7294528880,141512241587.09300,9048875907803.27
2024-04-26T00:00:00.000Z,2787,466848.2841588090,469491.7741501950,458872.1012071020,461945.5562408680,174759404409.90200,9087862697444.440
2024-04-25T00:00:00.000Z,2787,465698.2372887910,472559.864825661,454930.2066972990,466821.7634233420,232981537796.72200,9199725280545.960
2024-04-24T00:00:00.000Z,2787,481164.3957302940,486001.298305698,460772.2119998590,465711.832533519,219369504672.1090,9169624257525.200
2024-04-23T00:00:00.000Z,2787,484154.7758968240,486764.4289613990,477092.168886434,481153.8878226620,176096551638.93800,9470969661176.560
2024-04-22T00:00:00.000Z,2787,461088.4504474250,487015.8911887900,461088.4504474250,484145.3905321140,200826873261.10400,9344485523734.850
2024-04-21T00:00:00.000Z,2787,470502.4972817750,475790.2500901,461024.6154535230,461024.6154535230,148453754084.46400,9253968295529.660
2024-04-20T00:00:00.000Z,2787,462269.1940438620,473757.593106731,457355.569817496,470514.2499849780,167221175485.32200,9263826610336.220
2024-04-19T00:00:00.000Z,2787,459671.757590102,473936.1549981650,432013.2637130250,462214.6672439690,361309062922.1510,9098250253688.900
2024-04-18T00:00:00.000Z,2787,443535.2430588150,464193.0188239600,440160.6389038770,459686.2559703640,260628055011.63800,9050185799651.480
2024-04-17T00:00:00.000Z,2787,461963.8447164660,466849.0373165230,432664.8070275830,443545.2164832520,303349025940.49300,8729801465367.360
2024-04-16T00:00:00.000Z,2787,459028.8824557680,465767.720725215,446771.2080970160,461819.2217117860,310130408228.84800,9094621668596.030
2024-04-15T00:00:00.000Z,2787,475731.511672429,484101.085621596,451172.0001080750,459078.9081132160,315486217692.7040,9033639156571.200
2024-04-14T00:00:00.000Z,2787,461957.2753086300,475724.8492797970,450158.8665505340,475724.8492797970,355203590452.1320,9363597063404.460
2024-04-13T00:00:00.000Z,2787,486242.280204575,491619.7543053810,440847.2036495560,461850.4779139770,382618295242.17500,9092670359312.4
2024-04-12T00:00:00.000Z,2787,507027.1980377650,515403.3795707470,472294.9145377680,486296.4690634270,319359326873.0100,9569489276611.980
2024-04-11T00:00:00.000Z,2787,510446.0404493800,515652.8928515090,503505.1393345720,507021.6072378490,218087357459.3690,9972353715047.870
2024-04-10T00:00:00.000Z,2787,500001.4782612720,514218.8020541670,488347.7950717690,510533.8968315550,277108632452.14100,10043887578558.700
2024-04-09T00:00:00.000Z,2787,517953.1369997900,518755.7147243190,493329.4749731780,499992.6207900800,263391988788.29300,9837759035323.220
2024-04-08T00:00:00.000Z,2787,491884.5517230360,517959.1789441640,489796.7183943010,517959.1789441640,264239449772.8560,9995680092973.750
2024-04-07T00:00:00.000Z,2787,498291.4665358370,508325.0845189050,491884.5323851180,491884.5323851180,153362538399.161,9870749039643.180
2024-04-06T00:00:00.000Z,2787,490677.3006001720,503589.1338558950,488154.0779531620,498284.2258502860,144423001199.11400,9804544925966.210
2024-04-05T00:00:00.000Z,2787,495704.6304989280,497223.9891357600,477586.4529782400,490656.1009053910,244165069630.99400,9656519612138.970
2024-04-04T00:00:00.000Z,2787,477360.5556659180,501315.2993943980,471150.4089616720,495654.6198604510,249183756850.51500,9752828795988.740
2024-04-03T00:00:00.000Z,2787,473401.9555370180,484171.9637785540,467013.4042413440,477397.5429090430,249465632059.25900,9388261582865.700
2024-04-02T00:00:00.000Z,2787,504016.119368506,504040.3923620010,467342.1377215560,473410.6881139490,366634383996.29800,9309085987890.290
2024-04-01T00:00:00.000Z,2787,515120.4931860030,515182.6450199770,492494.8207813470,503995.3079024330,251832203069.30800,9901423348949.090
2024-03-31T00:00:00.000Z,2787,502905.7180449930,515440.3590899910,502740.2892557280,515121.6717670450,144781832370.7910,10131423699873.900
2024-03-30T00:00:00.000Z,2787,504714.5398943730,508051.0989764420,502568.4104723520,502887.8595289830,123700902682.41100,9892265095871.760
2024-03-29T00:00:00.000Z,2787,511308.0168132430,512469.0871324920,498781.7968925040,504710.0972635200,182355981113.90200,9935328872994.92
2024-03-28T00:00:00.000Z,2787,501914.340947401,517127.4750656960,497838.9207681850,511309.1410428480,248417094292.3410,10054768915050.000
2024-03-27T00:00:00.000Z,2787,505250.5033727330,518469.2165413330,494216.6926747690,501939.8582011950,294718682844.62200,9859736105619.74
2024-03-26T00:00:00.000Z,2787,504176.8904572220,516509.5093107420,500533.7895661520,505221.2126855670,259620849251.29700,9923317329013.220
2024-03-25T00:00:00.000Z,2787,483125.197929202,513082.2986809170,479946.7851118970,504361.0706381880,306831118470.2010,9881439388150.300
2024-03-24T00:00:00.000Z,2787,463141.8388554090,485918.0224886860,461371.5634369990,483125.7352577850,196665850483.28300,9556631960973.810
2024-03-23T00:00:00.000Z,2787,461236.2573449240,476943.4067142080,455711.5703586860,463080.0357415670,178840450524.74500,9107138701469.230
2024-03-22T00:00:00.000Z,2787,471494.739945491,481429.8748110040,450773.2031548030,461063.0524047770,298067341582.53300,9031467496224.010
2024-03-21T00:00:00.000Z,2787,488861.5364657570,490923.9911712570,464950.3100601590,471492.1634896160,320191803541.44100,9268605484347.630
2024-03-20T00:00:00.000Z,2787,445816.6060497670,490361.7485786160,437761.3319042620,488883.3666380770,480820137127.00300,9611214437247.280
2024-03-19T00:00:00.000Z,2787,486302.8101250860,490267.7169375740,443005.1152122530,445697.6713698520,534242758750.4150,8764023255752.850
2024-03-18T00:00:00.000Z,2787,487646.9310589850,491057.4358236980,479365.2483338940,486255.2912499380,351349989043.5470,9471845554586.870
2024-03-17T00:00:00.000Z,2787,470009.8861410800,491030.5738123040,464461.6545364020,487784.6959099510,321778083947.7010,9671132768760.810
2024-03-16T00:00:00.000Z,2787,499348.3400518360,504052.9871670540,466304.36222189,470001.0538320240,337076459476.4810,9238730600866.290
2024-03-15T00:00:00.000Z,2787,513521.5270975440,520508.25671283,472337.5422447230,499429.5421042400,563390353627.7880,9811285725615.760
2024-03-14T00:00:00.000Z,2787,525265.3040974590,530447.4061688630,493221.8168869230,513555.6710930380,428342187915.0230,10084870915206.500
2024-03-13T00:00:00.000Z,2787,513384.5647838810,529718.5386202850,512307.1846720750,525294.9741466700,346262440226.3160,10315304229954.500
2024-03-12T00:00:00.000Z,2787,518218.9988878650,522880.9373547950,493541.9029662800,513435.8212610480,449453612028.63700,10093562089421.100
2024-03-11T00:00:00.000Z,2787,492890.723400145,523359.5263584750,482862.4518868910,518203.0345912730,469296906472.0380,10121823491631.300
2024-03-10T00:00:00.000Z,2787,492222.2884915680,503036.3649257310,487316.5080157550,492885.2717175900,256414357348.23900,9745853482408.830
2024-03-09T00:00:00.000Z,2787,490812.1402450360,493498.3296453380,489043.3684485840,492212.4113862070,155291269553.79100,9672730226152.44
2024-03-08T00:00:00.000Z,2787,481505.7878644620,503581.7674472350,475912.1599413470,490818.1476568890,425864085136.2790,9653357484198.18
2024-03-07T00:00:00.000Z,2787,475719.8406730160,489339.2051538930,472562.2729599890,481415.0783184730,338183742116.8460,9465365257546.480
2024-03-06T00:00:00.000Z,2787,458996.2421114770,486945.7484323070,452447.5862675740,475810.3237413600,494795398641.9240,9346277421766.480
2024-03-05T00:00:00.000Z,2787,492048.7819232590,497959.3524525420,426948.2402656390,459177.2188439530,740170894022.5990,9020973150328.700